INSERT INTO Cliente(cpf, nomecompleto, datanascimento, rua_endereco, numero_endereco, bairro_endereco, cidade_endereco, estado_endereco, cep_endereco, email, telefone) VALUES
('31631250779', 'Geralt de Rivia', '1990-01-01', 'Rua Kaer Morhen', '743', 'Centro', 'Aracati', 'CE', '13478860', 'bruxao@gmail.com', '(69) 98429-8354'),
('49281973561', 'Cirila de Cintra', '2005-11-05', 'Rua Cintra', '1500','Centro', 'Fortaleza', 'CE', '62797000', 'leoa_cintra@gmail.com', '(88)98643-5351'),
('22124277600', 'Yennefer Vengerberg', '2000-05-19', 'Rua Nilfgard', '990', 'Centro', 'Sobral', 'CE', '60874050', 'maga123@gmail.com', '(85) 96941-9929'),
('69687437529', 'Elend Venture', '1997-02-15', 'Rua Luthandel', '231', 'Centro', 'Aracati', 'CE', '62014390', 'imperador@gmail.com', '(85) 98211-2262'),
('15098196302', 'Valette Venture', '2000-02-02', 'Rua Luthadel', '231', 'Centro', 'Aracati', 'CE', '62014390', 'nasc_bruma@gmail.com', '(88) 97346-6494'),
('41326719092', 'Daniel Martins', '1997-05-01', 'Rua Osório Duque', '1691','Jardim Miramar', 'Aparecida de Goiânia', 'GO', '74988500', 'danielmartins@aluno.ifce.edu.br', '(19) 99254-4733'),
('60813747503', 'Matilde Barbosa', '1999-10-06', 'Rua dos Antúrios', '1850','Capim Macio', 'Natal', 'RN', '59078180', 'mat_ildecintra@aluno.ifce.edu.br', '(11)6022-8584'),
('03366531312', 'Kauan Cardoso', '2004-08-20', 'Rua Quatro', '10','São João Del Rey', 'Cuiabá', 'MT', '78093190', 'buxao477@gmail.com', '(31) 99707-2068'),
('28678182903', 'Gabriel Silva', '2000-04-16', 'Rua Dragão do Mar', '1999','Canoa Quebrada', 'Aracati', 'CE', '62800976', 'barao058@gmail.com', '(67) 98230-2242'),
('39109024212', 'André Almeida', '2003-10-26', 'Rua Coronel Alexanzito', '1192','Centro', 'Aracati', 'CE', '62800970', 'andrealmeida@aluno.ifce.edu.br', '(41) 99958-8627'),
('01519863207', 'Amanda Barbosa Carvalho', '1990-01-15', 'Fátima Ferreira', '123', 'Marinez', 'Picos', 'PI', '65200058', 'amanda_abc@gmail.com', '987654321'),
('75439642158', 'Douglas Eanes de Freitas ', '1985-05-20', ' Escrivão Pinheiro', '456', ' São João Tauá', 'Fortaleza', 'CE', '62856000', 'doug_eanez@gmail.com', '998675346'),
('85243590000', 'Giovanna Hernandes Ignácio ', '2000-11-10', ' Cherline Cardoso', '789', ' Meireles', 'Fortaleza', 'CE', '62856000', 'giovanna_justi@gmail.com', '966577583'),
('44156397414', 'Joaquim de Lima Monteiro', '1978-07-25', ' Doroteia de Barros', '101', ' Santa Efigênia', 'Sao Paulo', 'SP', '30024099', 'joaquimlimamonteiro@gmail.com', '994312067'),
('05716322443', 'Nathalia de Oliveira Pereira', '1995-03-02', ' Dragão do mar', '202', ' Centro ', 'Aracati', 'CE', '62800000', 'nathalia_olivp@gmail.com', '998753201'),
('82628107325', 'Rafaela Santos', '1988-03-16', 'Rua dos Amores', '161','Quintino Cunha', 'Fortaleza', 'CE', '60352750', 'rafaelaMartinsSantos@gmail.com', '(19) 97153-2932'),
('49982567691', 'Davi Fernandes', '2002-07-17', 'Vila Pimentel', '150','Monte Castelo', 'Fortaleza', 'CE', '60326290', 'davifern_melo@aluno.ifce.edu.br', '(62) 92612-9873'),
('83644317577', 'Letícia Carvalho', '1989-01-24', 'Avenida Presidente Costa', '758','Centro', 'Vitória', 'ES', '29070150', 'thzlet@gmail.com', '(88) 99321-2529'),
('78407850691', 'Breno Melo', '1984-01-26', 'Travessa Campestre', '1617','Centro', 'Ribeirão Preto', 'SP', '14060470', 'breninmel@gmail.com', '(88) 92463-4575'),
('84004630568', 'Murilo Ribeiro', '1988-11-20', 'Rua Paulo Tognini', '9362','Centro', 'Campo Grande', 'MS', '79050120', 'mulribeiro@gmail.com', '(67) 92453-8468'),
('48579870402', 'Raissa Silva Almeida', '1964-04-10', 'Jornalista Guilherme Apiguaia', '1673', 'Centro', 'Belo Horizonte', 'MG', '97080587', 'raissasilvaalmeida@hotmail.com', '(41) 94164-3486'),
('73042541657', 'Aline Martins Rocha', '1982-11-25', 'Almirante Maximiano Fonseca', '8013', 'Zona Portuária', 'Rio Grande', 'RS', '96204040', 'alinemartinsrocha@aluno.ifce.edu.br', '(26) 93920-6379'),
('90762968630', 'Martim Melo Rodrigues', '1992-05-29', 'Barão de Vitória', '2404', 'Casa Grande', 'Diadema', 'SP', '09961660', 'martimmelorodrigues@gmail.com', '(62) 95996-4906'),
('62299341404', 'Ágatha Ribeiro Araujo', '2001-07-04', 'Roberto Landell de Moura', '697', 'Centro', 'Sobral', 'CE', '62011140', 'agatharibeiroaraujo@aluno.ifce.edu.br', '(44) 94475-8609'),
('15511626368', 'Erick Correia Araujo', '1997-09-06', 'Travessa Antônio Ferreira', '1789', 'Igrejinha', 'Capanema', 'PA', '68700216', 'erickcorreiaaraujo@hotmail.com', '(77) 94974-4019'),
('98976315693', 'Pedro Alves Correia', '2003-12-31', 'Paracatu', '1013', 'Parque Imperial', 'São Paulo', 'SP', '04302021', 'pedroalvescorreia@aluno.ifce.edu.br', '(21) 94076-5267'),
('20701021730', 'Gustavo Pereira Melo', '1989-10-13', 'Santa Vitória', '691', 'Monte Castelo', 'Campo Grande', 'MS', '79002290', 'gustavopereiramelo@gmail.com', '(85) 98628-3232'),
('69521718510', 'Marina Carvalho Ferreira', '2000-06-21', 'Tenente-Coronel Cardoso', '1394', 'Centro', 'Campos dos Goytacazes', 'RJ', '28035042', 'marinacarvalhoferreira@gmail.com', '(26) 93482-6094'),
('69609370276', 'Danilo Lima Ribeiro', '1997-03-23', 'Afonso Pena', '1850', 'Boa Viagem', 'Belo Horizonte', 'MG', '30130005', 'danilolimaribeiro@aluno.ifce.edu.br', '(41) 96178-6078'),
('31602685002', 'Murilo Cardoso Gomes', '2006-09-22', 'Praça da República', '451', 'República', 'São Paulo', 'SP', '01045001', 'murilocardosogomes@hotmail.com', '(21) 94747-9663');

INSERT INTO ContaCorrente(numero_conta, saldo, data_abertura, cpf)  VALUES
('2056890644', '3500.00', '2023-01-01', '31631250779'),
('235395453', '2000.00', '2023-01-10', '49281973561'),
('1283969848', '2000.00', '2023-02-10', '22124277600'),
('154912145', '10000.00', '2023-05-26', '69687437529'),
('9449321137', '10000.00', '2023-05-27', '15098196302'),
('5807672065', 1500.00, '2022-01-01', '01519863207'),
('2874709366', 2500.50, '2022-02-15', '75439642158'),
('7560142266', 800.75, '2022-03-20', '85243590000'),
('0156111465', 3000.00, '2022-04-10', '44156397414'),
('3059409394', 10000.00, '2022-05-05', '05716322443'),
('6918783176', 7820.00, '2023-02-02', '41326719092'),
('3985810478', 2500.50, '2021-03-26', '60813747503'),
('7987455631', 600.75, '2023-04-10', '03366531312'),
('4265557897', 972.00, '2022-05-12', '28678182903'),
('4789652421', 4526.00, '2023-06-16', '39109024212'),
('1048290314', 50.000, '2023-01-02', '82628107325'),
('7464781578', 400.50, '2023-09-26', '49982567691'),
('3018279228', 300.75, '2023-05-10', '83644317577'),
('7596740185', 7200.00, '2023-04-12', '78407850691'),
('7852738333', 7856.00, '2023-05-16', '84004630568'),
('1318684629', 9786.25, '2020-12-11', '48579870402'),
('0597576704', 5420.00, '2019-04-26', '73042541657'),
('0926883217', 2145.32, '2022-08-16', '90762968630'),
('0744863799', 3680.64, '2020-05-02', '62299341404'),
('4871279139', 1164.00, '2021-10-13', '15511626368'),
('5383497496', 9800.21, '2019-12-27', '98976315693'),
('4668512485', 7010.55, '2023-06-29', '20701021730'),
('4605140121', 5203.00, '2019-10-02', '69521718510'),
('6023495645', 762.89, '2020-02-12', '69609370276'),
('9298670379', 2300.70, '2023-04-23', '31602685002');

INSERT INTO CartaoCredito(numero_cartao, numero_conta, limite_credito, data_validade) VALUES
('6363686163251535', '2056890644', '10000.00', '2030-08-05'),
('5307101336165274', '235395453', '10000.00', '2029-03-09'),
('6228590127218462', '1283969848', '10000.00', '2032-06-12'),
('3513735634106046', '154912145', '20000.00', '2029-03-27'),
('4676037888577035', '9449321137', '2000.00', '2033-08-05'),
('4205582482713723', '5807672065', 2000.00, '2023-12-01'),
('5109954088410813', '2874709366', 3000.50, '2023-11-01'),
('354385561098961', '7560142266', 1000.75, '2023-10-01'),
('1245826404589014', '0156111465', 5000.00, '2023-09-01'),
('6223294003798955', '3059409394', 8000.00, '2023-08-01'),
('5106630684373463', '6918783176', 1000.00, '2023-11-02'), 
('5109954088410803', '3985810478', 2000.50, '2023-06-10'), 
('354385561098969', '7987455631', 500.75, '2023-08-12'),
('1245826404589084', '4265557897', 1200.00, '2023-10-26'),
('6223294003798975', '4789652421', 3500.00, '2023-12-10'),
('5479339705316241', '1048290314', 1000.00, '2023-11-02'), 
('5159541652170193', '7464781578', 2000.50, '2023-06-10'), 
('5550014001974645', '3018279228', 500.75, '2023-08-12'),
('5242548422404223', '7596740185', 1200.00, '2023-10-26'),
('5575707786503627', '7852738333', 3500.00, '2023-12-10'),
('5518721816406529', '1318684629', 3400.25, '2024-09-10'),
('5265670153406748', '6023495645', 913.00, '2025-06-08'),
('5549710059897489', '0926883217', 3600.34, '2024-08-24'),
('4556874382415253', '4871279139', 1203.57, '2025-01-15'),
('4024007160092457', '5383497496', 2050.00, '2024-12-30'),
('5423760411028522', '4668512485', 1003.04, '2024-02-08'),
('5319066475473134', '9298670379', 3400.25, '2025-11-22'),
('4532768951546283', '4605140121', 1800.52, '2024-04-08');

INSERT INTO TransacaoFinanceira (data_transacao, valor_transacao, tipo_transacao, numero_conta) VALUES
('2023-09-20', '20000.00', 'TED', '1283969848'),
('2023-09-25', '10000.00', 'PIX', '1283969848'),
('2023-09-30', '10000.00', 'PIX', '1283969848'),
('2023-10-02', '500.00', 'PIX', '2056890644'),
('2022-01-05', 200.00, 'Transação Bancária', '5807672065'),
('2022-02-10', 150.50, 'TED', '2874709366'),
('2022-03-15', 300.75, 'PIX', '7560142266'),
('2022-04-20', 100.00, 'Boleto', '0156111465'),
('2022-05-25', 500.00, 'Transação Bancária', '3059409394'),
('2023-04-09', 800.00, 'PIX', '6918783176'),
('2023-03-10', 250.50, 'Boleto', '3985810478'),
('2023-04-16', 400.75, 'PIX', '7987455631'),
('2023-05-22', 300.00, 'TED', '4265557897'),
('2023-06-24', 569.00, 'Transação Bancária', '4789652421'),
('2023-04-09', 10.00, 'PIX', '1048290314'),
('2023-03-10', 300.50, 'Boleto', '7464781578'),
('2023-04-16', 100.75, 'PIX', '3018279228'),
('2023-05-22', 4400.00, 'TED', '7596740185'),
('2023-06-24', 7409.00, 'Transação Bancária', '7852738333'),
('2023-08-04', 300.00, 'Transferência Bancária', '4871279139'),
('2022-07-21', 425.00, 'PIX', '1318684629'),
('2023-01-31', 120.50, 'TED', '4668512485'),
('2022-07-22', 198.25, 'PIX', '0744863799'),
('2023-07-22', 620.00, 'Boleto', '0926883217'),
('2021-10-24', 112.00, 'PIX', '4605140121'),
('2022-12-03', 310.00, 'TED', '9298670379'),
('2023-09-13', 150.00, 'Boleto', '0744863799'),
('2023-04-24', 240.89, 'Transferência Bancária', '6023495645'),
('2023-07-22', 520.00, 'PIX', '4668512485'),
('2021-10-15', 300.40, 'Boleto', '0597576704'),
('2022-09-10', 140.00, 'PIX', '5383497496'),
('2023-05-17', 203.20, 'TED', '0744863799');

INSERT INTO Investimento(tipo_investimento, valor_investido, data_inicio, data_vencimento, numero_conta) VALUES
('Poupança', '500.00', '2023-10-02', '2023-10-02', '2056890644'),
('Renda Fixa', '10000.00', '2023-11-20', '2026-10-02', '154912145'),
('Tesouro Direto', '5000.00', '2023-11-20', '2026-10-02', '9449321137'),
('Ações', '2000.00', '2023-10-15', '2025-05-26', '235395453'),
('Poupança', 1000.00, '2022-01-01', '2023-01-01', '5807672065'),
('Renda Fixa', 2000.50, '2022-02-01', '2023-02-01', '2874709366'),
('Ações', 1500.75, '2022-03-01', '2023-03-01', '7560142266'),
('Tesouro Direto', 3000.00, '2022-04-01', '2023-04-01', '0156111465'),
('Ações', 300.00, '2022-01-01', '2023-01-01', '6918783176'),
('Poupança', 1000.50, '2022-02-01', '2023-02-01', '3985810478'),
('Renda Fixa', 2500.00, '2022-03-01', '2023-03-01', '7987455631'),
('Renda Fixa', 1000.00, '2022-04-01', '2023-04-01', '4265557897'),
('Ações', 300.00, '2022-01-01', '2023-01-01', '1048290314'),
('Poupança', 1000.50, '2022-02-01', '2023-02-01', '7464781578'),
('Renda Fixa', 2500.00, '2022-03-01', '2023-03-01', '3018279228'),
('Renda Fixa', 1000.00, '2022-04-01', '2023-04-01', '7596740185');
